{
  "linear_svm": {
    "train_accuracy": [
      0.6635051546391753, 
      0.6624313806345198, 
      0.6626977990825215, 
      0.6629812896242462, 
      0.662620483480233, 
      0.6630328333591052, 
      0.6613061182413278, 
      0.6631359208288232, 
      0.6614349775784754, 
      0.6624143085407969
    ], 
    "score_time": [
      0.0933530330657959, 
      0.08134102821350098, 
      0.08970403671264648, 
      0.09328389167785645, 
      0.08024096488952637, 
      0.07695388793945312, 
      0.12268209457397461, 
      0.07203078269958496, 
      0.07970499992370605, 
      0.007901906967163086
    ], 
    "fit_time": [
      352.59944891929626, 
      352.9028859138489, 
      352.7622301578522, 
      358.9659490585327, 
      366.8561191558838, 
      361.84912300109863, 
      351.28467988967896, 
      332.8935980796814, 
      321.2895121574402, 
      305.79575204849243
    ], 
    "test_roc_auc": [
      0.7092439356054847, 
      0.7166556086341119, 
      0.7257940616841453, 
      0.707704986946325, 
      0.715421257577769, 
      0.7102338599053055, 
      0.73084229390681, 
      0.7142676667109165, 
      0.7216932165140051, 
      0.7156929510155317
    ], 
    "test_accuracy": [
      0.6605610943658706, 
      0.661873840445269, 
      0.6615634423567618, 
      0.6522848527023892, 
      0.6631871955462769, 
      0.6559962885641383, 
      0.6696822083043378, 
      0.6629552308049177, 
      0.673625608907446, 
      0.6559962885641383
    ], 
    "train_roc_auc": [
      0.7187822244072982, 
      0.7177551068900477, 
      0.7167967867581039, 
      0.7186054091323071, 
      0.717738716868914, 
      0.7184778224134507, 
      0.7162119776550174, 
      0.7182016853938736, 
      0.7172383055733242, 
      0.7179857381060192
    ]
  }, 
  "settings": {
    "n_folds": 10, 
    "feature_set_name": "wide", 
    "scaling_on": false
  }, 
  "dummy_most_freq": {
    "train_accuracy": [
      0.5824742268041238, 
      0.5824592149686864, 
      0.5824699757744446, 
      0.5824699757744446, 
      0.5824699757744446, 
      0.5824699757744446, 
      0.5824699757744446, 
      0.5824699757744446, 
      0.5824699757744446, 
      0.5824699757744446
    ], 
    "score_time": [
      0.0013070106506347656, 
      0.0015320777893066406, 
      0.0011260509490966797, 
      0.0014979839324951172, 
      0.0015311241149902344, 
      0.0015649795532226562, 
      0.001493215560913086, 
      0.001516103744506836, 
      0.001135110855102539, 
      0.0017800331115722656
    ], 
    "fit_time": [
      0.017694950103759766, 
      0.010117053985595703, 
      0.009352922439575195, 
      0.008754968643188477, 
      0.009047985076904297, 
      0.01890420913696289, 
      0.018871784210205078, 
      0.01928400993347168, 
      0.009528875350952148, 
      0.010303020477294922
    ], 
    "test_roc_auc": [
      0.5, 
      0.5, 
      0.5, 
      0.5, 
      0.5, 
      0.5, 
      0.5, 
      0.5, 
      0.5, 
      0.5
    ], 
    "test_accuracy": [
      0.5824252260607465, 
      0.5825602968460112, 
      0.5824634655532359, 
      0.5824634655532359, 
      0.5824634655532359, 
      0.5824634655532359, 
      0.5824634655532359, 
      0.5824634655532359, 
      0.5824634655532359, 
      0.5824634655532359
    ], 
    "train_roc_auc": [
      0.5, 
      0.5, 
      0.5, 
      0.5, 
      0.5, 
      0.5, 
      0.5, 
      0.5, 
      0.5, 
      0.5
    ]
  }, 
  "naive bayes": {
    "train_accuracy": [
      0.6450515463917526, 
      0.6426896214015103, 
      0.6438585639915468, 
      0.6448636668212979, 
      0.6439874233286944, 
      0.6454821916396062, 
      0.6423895675480645, 
      0.6438327921241173, 
      0.6438070202566878, 
      0.6438843358589763
    ], 
    "score_time": [
      0.004725933074951172, 
      0.004739999771118164, 
      0.006354093551635742, 
      0.004756927490234375, 
      0.0047512054443359375, 
      0.00475001335144043, 
      0.004826068878173828, 
      0.006249904632568359, 
      0.00492095947265625, 
      0.004661083221435547
    ], 
    "fit_time": [
      0.028800010681152344, 
      0.027388811111450195, 
      0.03800177574157715, 
      0.02719712257385254, 
      0.03580284118652344, 
      0.027295827865600586, 
      0.02711796760559082, 
      0.03875923156738281, 
      0.030655860900878906, 
      0.02833390235900879
    ], 
    "test_roc_auc": [
      0.6849909993386547, 
      0.6802446036801132, 
      0.705674144873667, 
      0.6922693482012479, 
      0.688864330280101, 
      0.6791267312712952, 
      0.6969115890083631, 
      0.6842966502942609, 
      0.6964347979999114, 
      0.6890232974910394
    ], 
    "test_accuracy": [
      0.6394620913517274, 
      0.6342764378478665, 
      0.6548364648573417, 
      0.6404546508930643, 
      0.6430062630480167, 
      0.6369751797726746, 
      0.6499652052887961, 
      0.6337276733936442, 
      0.6578520064950127, 
      0.6397587566689863
    ], 
    "train_roc_auc": [
      0.6921974530208674, 
      0.6897297323501826, 
      0.6901661582620269, 
      0.6919168563150282, 
      0.6906109843854333, 
      0.6921497238571086, 
      0.6892313056814932, 
      0.6912084341788086, 
      0.6907081799189091, 
      0.6912096262845256
    ]
  }, 
  "logistic_regression": {
    "train_accuracy": [
      0.6635309278350515, 
      0.6635395994948584, 
      0.663470955105407, 
      0.6639090768517086, 
      0.6625431678779444, 
      0.6638833049842792, 
      0.6622854492036493, 
      0.6636513581774135, 
      0.6623112210710788, 
      0.6637802175145611
    ], 
    "score_time": [
      0.08906006813049316, 
      0.009254932403564453, 
      0.009862899780273438, 
      0.009690046310424805, 
      0.009598970413208008, 
      0.0796670913696289, 
      0.026482105255126953, 
      0.04628896713256836, 
      0.08863306045532227, 
      0.05541801452636719
    ], 
    "fit_time": [
      1.1678109169006348, 
      0.9713761806488037, 
      0.83815598487854, 
      0.934669017791748, 
      0.8708548545837402, 
      0.9794468879699707, 
      1.1749029159545898, 
      0.9369039535522461, 
      0.9758350849151611, 
      0.9094531536102295
    ], 
    "test_roc_auc": [
      0.7094877403565607, 
      0.7179093683651805, 
      0.7261476171512015, 
      0.7088090180981459, 
      0.7180598699057481, 
      0.7107004734722775, 
      0.7330149564140006, 
      0.7131390769503075, 
      0.7222551882826673, 
      0.7166345856011327
    ], 
    "test_accuracy": [
      0.6610248087178299, 
      0.662569573283859, 
      0.6606355833913246, 
      0.6520528879610299, 
      0.6648109487357922, 
      0.6583159359777314, 
      0.6696822083043378, 
      0.659475759684528, 
      0.6761772210623985, 
      0.6613314776154025
    ], 
    "train_roc_auc": [
      0.719643728832077, 
      0.7185899455567312, 
      0.7177239555140449, 
      0.7194344264853544, 
      0.7185660382365082, 
      0.7193910955591096, 
      0.717024493970855, 
      0.7191516830425715, 
      0.7181119920698013, 
      0.7187944036336299
    ]
  }, 
  "random_forest": {
    "train_accuracy": [
      1.0, 
      1.0, 
      1.0, 
      1.0, 
      1.0, 
      1.0, 
      1.0, 
      1.0, 
      1.0, 
      1.0
    ], 
    "score_time": [
      21.681323051452637, 
      25.89013981819153, 
      22.761453866958618, 
      24.94957208633423, 
      23.93052101135254, 
      21.95366597175598, 
      23.425052881240845, 
      23.303221940994263, 
      24.51820993423462, 
      27.92916488647461
    ], 
    "fit_time": [
      8943.2672021389, 
      10577.038453102112, 
      13011.482322216034, 
      10674.378036022186, 
      10516.905147075653, 
      10312.151499986649, 
      10170.31313419342, 
      10044.724905014038, 
      10009.907155036926, 
      10802.304481983185
    ],